Month,2003,2004,2005,2006,2007,2008,2009,2010,2011,2012,2013,2014
Jan,,219,182,196,511,143,143,131,197,174,184,119
Feb,,120,121,119,112,115,125,142,79,89,86,85
Mar,,155,126,136,127,97,88,105,110,70,69,81
Apr,,125,117,94,114,78,86,70,53,62,60,
May,,130,88,94,96,90,75,53,62,64,79,
Jun,,179,101,90,84,127,111,78,80,67,79,
Jul,131,110,152,89,117,148,130,98,121,61,98,
Aug,97,166,129,138,111,125,125,103,100,96,96,
Sep,170,138,150,113,138,127,183,108,104,93,101,
Oct,153,153,123,125,136,108,134,94,93,89,114,
Nov,151,135,119,175,89,106,111,101,124,103,102,
Dec,279,181,183,346,121,180,192,151,253,148,145,